Check-in,Check-out,Booked,Room,Payment type,Booking amount,Status,booking_id_hash,confirmation_id_hash
26-12-2024,28-12-2024,11-04-2024,Double or Twin Room,Expedia Collect,228.12,postStay,7af12cb9df061361fad6acac153459ea2fb0d1925348f4193c9f9a60ebba3bbb,7af12cb9df061361fad6acac153459ea2fb0d1925348f4193c9f9a60ebba3bbb
27-12-2024,28-12-2024,02-06-2024,Double or Twin Room,Expedia Collect,125.46,postStay,292a2ee7d896d7d424dc699f35825568744b7f810ec29cbf3b9241a9608ce695,292a2ee7d896d7d424dc699f35825568744b7f810ec29cbf3b9241a9608ce695
29-12-2024,01-01-2025,25-04-2024,Suite,Expedia Collect,466.56,postStay,36dcb144e29486d1d6353c0c0c249c8691243f0cfe1b7a24816e65b2778fe912,36dcb144e29486d1d6353c0c0c249c8691243f0cfe1b7a24816e65b2778fe912
31-12-2024,01-01-2025,17-11-2024,Deluxe Suite,Expedia Collect,233.24,postStay,05ba909be4c2ad0e44c53e2ac452a8dfcb6cd4d330bc3f4a965a286980ee1bf9,05ba909be4c2ad0e44c53e2ac452a8dfcb6cd4d330bc3f4a965a286980ee1bf9
31-12-2024,01-01-2025,06-11-2024,Double or Twin Room,Expedia Collect,173.4,postStay,0850b26b114f64d4922a280c821e10af509116aa379bc36ba96f28dadb06f926,0850b26b114f64d4922a280c821e10af509116aa379bc36ba96f28dadb06f926
01-05-2025,01-09-2025,30-11-2024,Suite,Expedia Collect,474.88,postStay,e5aad951e65aec88a1e7b748534689b975c79f8fc801ff53850902d8dc28af07,e5aad951e65aec88a1e7b748534689b975c79f8fc801ff53850902d8dc28af07
01-11-2025,01-12-2025,02-12-2024,Deluxe Suite,Expedia Collect,138.33,postStay,b4e65c9ef7172d229cf2f5c190f7d583f78ab24e725629e64afd20163185335d,b4e65c9ef7172d229cf2f5c190f7d583f78ab24e725629e64afd20163185335d
01-11-2025,15-01-2025,21-11-2024,Double or Twin Room,Expedia Collect,427.67,postStay,091dfb28c7b05f2a5a47a829148ebb708631e0b392ff8218571a5e42fe74469b,091dfb28c7b05f2a5a47a829148ebb708631e0b392ff8218571a5e42fe74469b
01-11-2025,15-01-2025,21-11-2024,Double or Twin Room,Expedia Collect,427.67,postStay,ccedd4d412ef53eff2b865c84f3d63039d3da74cf1b54b129f3ec03efedb5051,ccedd4d412ef53eff2b865c84f3d63039d3da74cf1b54b129f3ec03efedb5051
15-01-2025,17-01-2025,15-01-2025,Double or Twin Room,Expedia Collect,204.78,postStay,e301555983ecfb9f1137f652726d57cc268c8b0b37dbddc4bbe969b3dd4f522c,e301555983ecfb9f1137f652726d57cc268c8b0b37dbddc4bbe969b3dd4f522c
18-01-2025,19-01-2025,01-10-2024,Deluxe Suite,Expedia Collect,139.33,postStay,29fd98727545077383fcc9da6fa1fa88c0238861b9e11d93d5cc5b4a02709046,29fd98727545077383fcc9da6fa1fa88c0238861b9e11d93d5cc5b4a02709046
21-01-2025,24-01-2025,16-09-2024,Suite,Expedia Collect,399.6,postStay,add6fe51ffef81aa5839543b4843ff601e24ae64dc2ba3ec27c72cd07acfda7d,add6fe51ffef81aa5839543b4843ff601e24ae64dc2ba3ec27c72cd07acfda7d
21-01-2025,24-01-2025,16-09-2024,Suite,Expedia Collect,0.0,cancelled,687f4c07f83eca2e4ecfd8981b049e90f658ba3b884dba351395fb8aa5f7d02b,687f4c07f83eca2e4ecfd8981b049e90f658ba3b884dba351395fb8aa5f7d02b
22-01-2025,23-01-2025,20-01-2025,Double or Twin Room (Small),Expedia Collect,89.6,postStay,0f6f8ea3b19145d8f27fbf6efb63ac3f68b6eeccfcaf84affd2d89174cfaa0de,0f6f8ea3b19145d8f27fbf6efb63ac3f68b6eeccfcaf84affd2d89174cfaa0de
24-01-2025,27-01-2025,28-11-2024,Suite,Expedia Collect,453.63,postStay,23c35983c92429df966322934df2ceb4c8c9654a6fc733f953ce8856b6404e64,23c35983c92429df966322934df2ceb4c8c9654a6fc733f953ce8856b6404e64
24-01-2025,27-01-2025,25-10-2024,Double or Twin Room,Expedia Collect,297.42,postStay,9f5d30ecfa5cf7a773b4a0f8f26d841301411d1d32122ed640bd1efa1c0ec263,9f5d30ecfa5cf7a773b4a0f8f26d841301411d1d32122ed640bd1efa1c0ec263
24-01-2025,27-01-2025,21-08-2024,Suite,Expedia Collect,345.38,postStay,31826d0c00c7702124672be32e96b0801a4f874d6d44370b04f9b57f14f23f18,31826d0c00c7702124672be32e96b0801a4f874d6d44370b04f9b57f14f23f18
27-01-2025,31-01-2025,22-09-2024,Suite,Expedia Collect,621.6,postStay,98a669c830e6d75a1f4e15f55f884deda15234b8147ada44baf403ddf1339186,98a669c830e6d75a1f4e15f55f884deda15234b8147ada44baf403ddf1339186
28-01-2025,31-01-2025,24-12-2024,Deluxe Suite,Expedia Collect,590.18,postStay,4985d6c4aec580a1953d220e5a0a7307f1966302807b024abf558fb21a363ee8,4985d6c4aec580a1953d220e5a0a7307f1966302807b024abf558fb21a363ee8
29-01-2025,30-01-2025,30-12-2024,Double or Twin Room,Expedia Collect,112.75,postStay,51384dd26084d0342613406196ee20eeb7bdb7f70995a6a5565da0832296289e,51384dd26084d0342613406196ee20eeb7bdb7f70995a6a5565da0832296289e
29-01-2025,02-01-2025,14-11-2024,Deluxe Suite,Expedia Collect,0.0,cancelled,77c54394d9ade7f194087bc931d78b26bafa8eaf7198bcfc08af83a414558f59,77c54394d9ade7f194087bc931d78b26bafa8eaf7198bcfc08af83a414558f59
29-01-2025,02-01-2025,08-11-2024,Suite,Expedia Collect,0.0,cancelled,f16b6f5c660395b8e4f48fc6c3b48d62ff30daf7d8dca8f22b3db38e83a26217,f16b6f5c660395b8e4f48fc6c3b48d62ff30daf7d8dca8f22b3db38e83a26217
29-01-2025,02-01-2025,08-11-2024,Suite,Expedia Collect,0.0,cancelled,62c59e401cc878bc067cda5228c9ad51991958935e218365affb1577db3d530d,62c59e401cc878bc067cda5228c9ad51991958935e218365affb1577db3d530d
29-01-2025,02-01-2025,11-09-2024,Suite,Expedia Collect,372.26,postStay,5ae51e5cda4e837ce0a9c9fabdd5df23e8c2fb58ce6d93270050574ce5ef76b1,5ae51e5cda4e837ce0a9c9fabdd5df23e8c2fb58ce6d93270050574ce5ef76b1
30-01-2025,02-03-2025,28-03-2024,Suite,Expedia Collect,455.08,postStay,a5a23022830bbe96da8795d82f97e18c4ad48cd4fe7d5c0d0f23d4ecbd8b37d3,a5a23022830bbe96da8795d82f97e18c4ad48cd4fe7d5c0d0f23d4ecbd8b37d3
02-01-2025,02-04-2025,15-11-2024,Deluxe Suite,Expedia Collect,452.88,postStay,c8f0bcbadd85e13679e7f267b7aca1d6ef64c36c967cfadab984e91b82180831,c8f0bcbadd85e13679e7f267b7aca1d6ef64c36c967cfadab984e91b82180831
02-01-2025,02-04-2025,15-11-2024,Suite,Expedia Collect,0.0,cancelled,64a167cba09fbaa95beecf7439389cdfe7c6b0825bca12dce547af788e95e4e5,64a167cba09fbaa95beecf7439389cdfe7c6b0825bca12dce547af788e95e4e5
02-01-2025,02-03-2025,07-11-2024,Double or Twin Room,Expedia Collect,0.0,cancelled,cb288734006b7f95dc590fa3eaf929fc05c49df3df62d7335ae2648ea6b3766b,cb288734006b7f95dc590fa3eaf929fc05c49df3df62d7335ae2648ea6b3766b
02-03-2025,02-05-2025,02-04-2024,Double or Twin Room (Small),Expedia Collect,171.36,postStay,15c91e7ce43d9f015a0bc41160cc03df4d9c78606b1692108b4fe9534b376c9b,15c91e7ce43d9f015a0bc41160cc03df4d9c78606b1692108b4fe9534b376c9b
02-04-2025,02-06-2025,22-05-2024,Double or Twin Room,Expedia Collect,198.28,postStay,e51ddcf24afcd222e45ccb7ed7d46d79f5ecfa933114db6806c5abb9ea1819c3,e51ddcf24afcd222e45ccb7ed7d46d79f5ecfa933114db6806c5abb9ea1819c3
02-04-2025,02-06-2025,22-05-2024,Double or Twin Room,Expedia Collect,198.28,postStay,af5628dca5bb465008dcb0bea5946a05a6b82bee232599ca2b922c56c304c5a4,af5628dca5bb465008dcb0bea5946a05a6b82bee232599ca2b922c56c304c5a4
02-06-2025,02-08-2025,28-04-2024,Suite,Expedia Collect,266.4,postStay,4130efa99e8745c8c5e0f8658fab075d553c5d06997f4787614eb7857a5b3d2a,4130efa99e8745c8c5e0f8658fab075d553c5d06997f4787614eb7857a5b3d2a
02-07-2025,02-10-2025,20-10-2024,Deluxe Suite,Expedia Collect,503.21,postStay,219472278cb62097701790df757e2fa755e0f3b7720b7ac79076685a453fda34,219472278cb62097701790df757e2fa755e0f3b7720b7ac79076685a453fda34
02-07-2025,02-10-2025,20-10-2024,Suite,Expedia Collect,429.07,postStay,41500092e4c2a857165d78054b25ca618f7c09fec5d4f82c951513c5c3d3e77d,41500092e4c2a857165d78054b25ca618f7c09fec5d4f82c951513c5c3d3e77d
02-07-2025,02-09-2025,07-08-2024,Suite,Expedia Collect,234.57,postStay,984a57a0260f6481ecde6754d89c813a46128d99620d488b4f2263e7fcb44a36,984a57a0260f6481ecde6754d89c813a46128d99620d488b4f2263e7fcb44a36
02-07-2025,02-09-2025,05-08-2024,Suite,Expedia Collect,216.44,postStay,8bde8d7b06900b7002090fdb1778612bdf09f60f8aa296b00fecf432e65ec490,8bde8d7b06900b7002090fdb1778612bdf09f60f8aa296b00fecf432e65ec490
02-07-2025,02-09-2025,22-03-2024,Double or Twin Room (Small),Expedia Collect,181.44,postStay,ba9e4ba3fac587218a8cc1d2738eb3cbc16b688f4a38bc1c232e836b11bd156a,ba9e4ba3fac587218a8cc1d2738eb3cbc16b688f4a38bc1c232e836b11bd156a
02-11-2025,13-02-2025,08-06-2024,Suite,Expedia Collect,266.4,postStay,efa9cd55325f2f522101c31b44cd72301a5848ba955658fae6d5357b037e8c94,efa9cd55325f2f522101c31b44cd72301a5848ba955658fae6d5357b037e8c94
17-02-2025,21-02-2025,16-11-2024,Deluxe Suite,Expedia Collect,639.4,postStay,dd10029cd819ea174ae22f8cff6f938249ff730338d0322cfaf43f8ea4c405da,dd10029cd819ea174ae22f8cff6f938249ff730338d0322cfaf43f8ea4c405da
20-02-2025,23-02-2025,30-10-2024,Suite,Expedia Collect,388.83,postStay,daf6fcb3747979506ca7aa3d713e679de8a47ab5a495671a8a07e63229d5a324,daf6fcb3747979506ca7aa3d713e679de8a47ab5a495671a8a07e63229d5a324
21-02-2025,24-02-2025,20-05-2024,Deluxe Suite,Expedia Collect,0.0,cancelled,316257a5ece41cc630cdaac7f2e70506a4c93b2c2ddbd03d7b3fd360fce274ac,316257a5ece41cc630cdaac7f2e70506a4c93b2c2ddbd03d7b3fd360fce274ac
22-02-2025,23-02-2025,08-01-2025,Suite,Hotel Collect,162.35,postStay,6f61e89f89d70973783e84e76439cf6c5e7dc477b6ac94caafcf5bfc21ce6bf4,6f61e89f89d70973783e84e76439cf6c5e7dc477b6ac94caafcf5bfc21ce6bf4
27-02-2025,03-02-2025,07-06-2024,Deluxe Suite,Expedia Collect,410.74,postStay,e9b5eaeeb06169596e83529a9f005ef87343ed06d6af05e8537c254bfa0be22a,e9b5eaeeb06169596e83529a9f005ef87343ed06d6af05e8537c254bfa0be22a
03-01-2025,03-02-2025,01-01-2025,Suite,Expedia Collect,167.97,postStay,cc58aba14e50e1201051d653ed32f3fd118d84c62405f60177ba6d26bfc96493,cc58aba14e50e1201051d653ed32f3fd118d84c62405f60177ba6d26bfc96493
03-02-2025,03-06-2025,26-11-2024,Suite,Expedia Collect,580.96,postStay,85a5cdd5a5bae8be085f725c3ace352c53fa7316c100898cf505d52543636918,85a5cdd5a5bae8be085f725c3ace352c53fa7316c100898cf505d52543636918
03-02-2025,03-06-2025,26-11-2024,Deluxe Suite,Expedia Collect,618.24,postStay,a11ded74f8f791eea31d84752a2f94505452a458f47ed70c3f43b447659b33a6,a11ded74f8f791eea31d84752a2f94505452a458f47ed70c3f43b447659b33a6
03-02-2025,03-04-2025,18-08-2024,Double or Twin Room (Small),Expedia Collect,233.26,cancelled,bbda3873a5da499000782588850f8bbf8c8f4520eec2c3307a233c2ac7f1aa66,bbda3873a5da499000782588850f8bbf8c8f4520eec2c3307a233c2ac7f1aa66
03-03-2025,03-04-2025,29-11-2024,Double or Twin Room,Expedia Collect,0.0,cancelled,332271daad40fd97b7eff37c7da3333c56fc84fd12454b54f5dca8300a4e3def,332271daad40fd97b7eff37c7da3333c56fc84fd12454b54f5dca8300a4e3def
03-06-2025,03-11-2025,26-07-2024,Suite,Hotel Collect,824.5,postStay,7d702fd69097ac99877fecc508fbdcd70cdc221c5caa2fb0ae08dcede37306b5,7d702fd69097ac99877fecc508fbdcd70cdc221c5caa2fb0ae08dcede37306b5
03-10-2025,03-12-2025,05-04-2024,Double or Twin Room,Expedia Collect,0.0,cancelled,4cebf99bbedd3631ff436deb65daa9c55db6b7f63627d0bab91b9ed18ac9558a,4cebf99bbedd3631ff436deb65daa9c55db6b7f63627d0bab91b9ed18ac9558a
03-11-2025,14-03-2025,20-09-2024,Suite,Expedia Collect,0.0,cancelled,1528b922ad78b4343c31b2632f99183ebd54eb826af0b3536d38ba35c09f917b,1528b922ad78b4343c31b2632f99183ebd54eb826af0b3536d38ba35c09f917b
14-03-2025,17-03-2025,22-10-2024,Deluxe Suite,Expedia Collect,524.88,postStay,e3ba31c5c8f89f3886546ed3d53a432986602bb2eacad0b4e772e6d07cc66360,e3ba31c5c8f89f3886546ed3d53a432986602bb2eacad0b4e772e6d07cc66360
17-03-2025,19-03-2025,16-12-2024,Deluxe Suite,Expedia Collect,398.51,cancelled,ec27c9c32a9fd4a5be1c7688fb1cde59e866d048d5fd3cbed4cdbf66164bf51c,1b617a5db8e783f7c28ee3b115e8abe017908e6e2aeb17b6175e19c87619f482
19-03-2025,22-03-2025,20-09-2024,Suite,Hotel Collect,527.0,postStay,98f621b687aded2e125b15873d7606a0dce9ff41fa75e9594750f833a71f6711,98f621b687aded2e125b15873d7606a0dce9ff41fa75e9594750f833a71f6711
20-03-2025,29-03-2025,08-02-2024,Deluxe Suite,Hotel Collect,0.0,cancelled,da2760d4aa30be882aa6151f2eee23001c26585bd916013ffd5feb0d2804a1cc,da2760d4aa30be882aa6151f2eee23001c26585bd916013ffd5feb0d2804a1cc
23-03-2025,25-03-2025,16-01-2025,Deluxe Suite,Expedia Collect,357.77,postStay,387becf7301701973cb177a865786b0636dbd6531db93fbe83fe22fa90211a46,387becf7301701973cb177a865786b0636dbd6531db93fbe83fe22fa90211a46
23-03-2025,29-03-2025,10-05-2024,Deluxe Suite,Hotel Collect,0.0,cancelled,2e34e2120c1a7605010f58f95fa30a77d649531cae827f065936c55f257c9bf0,2e34e2120c1a7605010f58f95fa30a77d649531cae827f065936c55f257c9bf0
26-03-2025,28-03-2025,09-05-2024,Suite,Hotel Collect,0.0,cancelled,6a35765a3da3868225e5371dd0d3b3e9f49c2160537bed6ee5b0b31a4134b723,6a35765a3da3868225e5371dd0d3b3e9f49c2160537bed6ee5b0b31a4134b723
26-03-2025,28-03-2025,09-05-2024,Suite,Hotel Collect,0.0,cancelled,00b499f354cd63da1598e0b8b6a5db733685e667f4b31f13b188042d3ad955b7,00b499f354cd63da1598e0b8b6a5db733685e667f4b31f13b188042d3ad955b7
27-03-2025,30-03-2025,17-05-2024,Suite,Hotel Collect,494.7,postStay,685bd1480098e2f2bfaf5bafe3bf6ce84b8163c68dbdf51ca9dfadb808965672,685bd1480098e2f2bfaf5bafe3bf6ce84b8163c68dbdf51ca9dfadb808965672
27-03-2025,30-03-2025,17-05-2024,Suite,Hotel Collect,494.7,postStay,ef440e6506dfcac642c8cddde3ffcc61787baebc6725b1304a5814a8b71dffb1,ef440e6506dfcac642c8cddde3ffcc61787baebc6725b1304a5814a8b71dffb1
28-03-2025,31-03-2025,14-05-2024,Deluxe Suite,Expedia Collect,0.0,cancelled,5ba570e04c234a5553a35ab9498576c16631d1888f694b7a55722ed0c58edb36,0930d909901c4bff055325c0410e9bb304fa9365eb63ccfd0f4dfec65e2ba87a
28-03-2025,31-03-2025,29-04-2024,Double or Twin Room,Expedia Collect,360.75,postStay,7b3a02946d344cf0f0e29f64ba8b86986d3c0b24ad498e4fd9983c51b648a8f3,7b3a02946d344cf0f0e29f64ba8b86986d3c0b24ad498e4fd9983c51b648a8f3
30-03-2025,04-04-2025,01-04-2024,Deluxe Suite,Expedia Collect,745.25,postStay,cf368022e52f688539b52f850e4e3f2bc96657409aa44413b4118cacf00d8ad3,cf368022e52f688539b52f850e4e3f2bc96657409aa44413b4118cacf00d8ad3
31-03-2025,04-02-2025,11-08-2024,Suite,Expedia Collect,310.4,postStay,79bfd5434a9f2d1e9017f4b5a8e5a1c9c36a8754b4817e851a42d6ab3495e113,79bfd5434a9f2d1e9017f4b5a8e5a1c9c36a8754b4817e851a42d6ab3495e113
04-01-2025,04-02-2025,29-03-2025,Suite,Expedia Collect,134.4,postStay,8bc916df2fb7888dd904e2ecc6ae77759c15a22dfca04d763ab62a535f3fc49f,8bc916df2fb7888dd904e2ecc6ae77759c15a22dfca04d763ab62a535f3fc49f
04-03-2025,04-06-2025,25-06-2024,Suite,Expedia Collect,395.79,postStay,5639efa10c5578297e792bf5a4a122be6f9619e69fcb1e6ca5c5972a51270384,5639efa10c5578297e792bf5a4a122be6f9619e69fcb1e6ca5c5972a51270384
04-06-2025,04-08-2025,03-12-2024,Deluxe Suite,Expedia Collect,318.24,postStay,3f70bad526a4ab28589ff84a9beaac51b48acf3555cd83dd1bb002d443470d02,3f70bad526a4ab28589ff84a9beaac51b48acf3555cd83dd1bb002d443470d02
04-06-2025,04-08-2025,03-12-2024,Deluxe Suite,Expedia Collect,318.24,postStay,72eb7bc48690ad87e566d0357251881597c0e6b6784ff0ee5b66ba33d46ed4b6,72eb7bc48690ad87e566d0357251881597c0e6b6784ff0ee5b66ba33d46ed4b6
04-08-2025,04-11-2025,29-11-2024,Suite,Expedia Collect,462.68,postStay,4b50ae36b70c38474700b5a317691fd00593c6036befb4d061460afc0d4f975a,4b50ae36b70c38474700b5a317691fd00593c6036befb4d061460afc0d4f975a
04-08-2025,04-09-2025,16-11-2024,Double or Twin Room,Expedia Collect,136.0,postStay,887d96f1d90d761ca84c4cfe93276fcaffece6fce630225392690cbd0aeb1976,887d96f1d90d761ca84c4cfe93276fcaffece6fce630225392690cbd0aeb1976
04-10-2025,13-04-2025,21-05-2024,Suite,Hotel Collect,551.69,postStay,94d72ffab2495a0ddbbcf6f0f9af2fb9b88292cffcc02a0be788ed1e3735b553,94d72ffab2495a0ddbbcf6f0f9af2fb9b88292cffcc02a0be788ed1e3735b553
14-04-2025,18-04-2025,05-11-2024,Suite,Expedia Collect,637.66,postStay,0b754ab4e0e224b7d74e83db90ab2b985c3e29a0cae40f148a044643ba74df12,0b754ab4e0e224b7d74e83db90ab2b985c3e29a0cae40f148a044643ba74df12
15-04-2025,17-04-2025,18-08-2024,Double or Twin Room,Expedia Collect,361.6,postStay,2abea5b515e1f30cbd1fd0c7ed7ed3601c072d4a0d8231b44220e94d555364e2,2abea5b515e1f30cbd1fd0c7ed7ed3601c072d4a0d8231b44220e94d555364e2
18-04-2025,21-04-2025,15-07-2024,Suite,Expedia Collect,0.0,cancelled,ff02d2b66f92be8d0790b629794f356e22e1161b9043d41ba79c771ae0a41bc4,ff02d2b66f92be8d0790b629794f356e22e1161b9043d41ba79c771ae0a41bc4
20-04-2025,21-04-2025,08-01-2025,Deluxe Suite,Hotel Collect,0.0,cancelled,01707597b9e6acea093c6e87892f67755b65fc50007d0abea0e490060d35790e,01707597b9e6acea093c6e87892f67755b65fc50007d0abea0e490060d35790e
20-04-2025,24-04-2025,22-10-2024,Suite,Expedia Collect,627.64,postStay,cd10364b0905093bd3794bf2d24d33cfccfed69317ebebd836b49e632ed42e30,cd10364b0905093bd3794bf2d24d33cfccfed69317ebebd836b49e632ed42e30
22-04-2025,23-04-2025,01-04-2025,Double or Twin Room,Expedia Collect,154.22,postStay,dcd427074531f97ff0aa3d566cf8b05640adbeb5667fb90dc3a273f04fbed6d6,dcd427074531f97ff0aa3d566cf8b05640adbeb5667fb90dc3a273f04fbed6d6
22-04-2025,23-04-2025,30-11-2024,Double or Twin Room,Expedia Collect,178.84,postStay,2b0a6a63abe0fb061756d5d809227b30731188494c676b4f44bc23b99dc3af5f,2b0a6a63abe0fb061756d5d809227b30731188494c676b4f44bc23b99dc3af5f
22-04-2025,24-04-2025,11-07-2024,Double or Twin Room (Small),Expedia Collect,266.4,postStay,440eb2e9252a781a489721fcd44cd9936a0723e6d8ceb5fcae286aec60a552f9,440eb2e9252a781a489721fcd44cd9936a0723e6d8ceb5fcae286aec60a552f9
25-04-2025,27-04-2025,11-04-2025,Suite,Expedia Collect,358.98,postStay,32b4687b11cd9c58cf165255e2bd77f012a740bd0df067d390e9caccba17ca70,32b4687b11cd9c58cf165255e2bd77f012a740bd0df067d390e9caccba17ca70
25-04-2025,26-04-2025,25-11-2024,Double or Twin Room,Expedia Collect,0.0,cancelled,0d3e75709b0e2342e8cf42e1d582dd1aa97ad13d3f1882bdf8786cc0a15e91aa,0d3e75709b0e2342e8cf42e1d582dd1aa97ad13d3f1882bdf8786cc0a15e91aa
27-04-2025,05-01-2025,03-06-2024,Suite,Expedia Collect,648.0,postStay,8e9a5d3032a00c077496e5f3746e4a61680c23a769254f27e964a62b33378382,1e57e21125473d45ef60fa7e5214f2635adb7664f10c7eb4570d21dade2f9157
28-04-2025,05-01-2025,03-08-2024,Deluxe Suite,Expedia Collect,561.0,postStay,e663008eb8a0b56fdfdfceb3e73cf7adb15e3b8b73e07327e80cce7772f3b168,e663008eb8a0b56fdfdfceb3e73cf7adb15e3b8b73e07327e80cce7772f3b168
29-04-2025,30-04-2025,23-04-2025,Deluxe Suite,Expedia Collect,184.04,postStay,7f2bf9b46b9ac908b82ce813fc5ab75449f163d595c72e7985b7e5c77f9a5101,7f2bf9b46b9ac908b82ce813fc5ab75449f163d595c72e7985b7e5c77f9a5101
29-04-2025,05-01-2025,10-12-2024,Deluxe Suite,Hotel Collect,723.62,postStay,c8b2a501ab85a54486eb7fb931fcaa18de485d23d07a99febc13b1534d4978a1,c8b2a501ab85a54486eb7fb931fcaa18de485d23d07a99febc13b1534d4978a1
30-04-2025,05-03-2025,13-09-2024,Deluxe Suite,Expedia Collect,533.29,postStay,d69259082356aea4ffed4a8bc75d629913c0fa6a2587f26f7abe4f0675c773bf,d69259082356aea4ffed4a8bc75d629913c0fa6a2587f26f7abe4f0675c773bf
05-02-2025,05-03-2025,20-03-2025,Suite,Expedia Collect,158.77,postStay,e2094b87b95c010b959977fe5ba16e61c74a40af12e45e9df25ee8379b0fb2db,e2094b87b95c010b959977fe5ba16e61c74a40af12e45e9df25ee8379b0fb2db
05-09-2025,13-05-2025,12-02-2024,Suite,Expedia Collect,0.0,cancelled,6a30859dd85d907327d5a2f22e1d03a37668b2909a05a93f1e5061aa04ff3f81,6a30859dd85d907327d5a2f22e1d03a37668b2909a05a93f1e5061aa04ff3f81
05-10-2025,13-05-2025,05-08-2024,Double or Twin Room,Hotel Collect,643.46,postStay,d5dcd0d6f566ffb78b1a2ea9ef063c920a107407a4458edca0f0d86743d6799c,d5dcd0d6f566ffb78b1a2ea9ef063c920a107407a4458edca0f0d86743d6799c
13-05-2025,15-05-2025,09-05-2025,Suite,Expedia Collect,534.41,postStay,3f80e8aafa0e7eac55927007faef9ea1f1e1fe25769883c512c5c1c47b0b4182,3f80e8aafa0e7eac55927007faef9ea1f1e1fe25769883c512c5c1c47b0b4182
13-05-2025,15-05-2025,10-06-2024,Double or Twin Room (Small),Expedia Collect,251.6,postStay,875b149dc74d5d5af0ef11c7008d74133660f1d2af0c0d118016556662b633bd,875b149dc74d5d5af0ef11c7008d74133660f1d2af0c0d118016556662b633bd
14-05-2025,15-05-2025,30-10-2024,Double or Twin Room,Expedia Collect,0.0,cancelled,fc6927d04390bc7121d601acec320c01ae456a97f0cc2c57854c5159965281cd,fc6927d04390bc7121d601acec320c01ae456a97f0cc2c57854c5159965281cd
14-05-2025,16-05-2025,15-08-2024,Double or Twin Room,Expedia Collect,251.42,postStay,1132a66f06fb96caa95603c9e6832bf1341724100496214196bec4022b25eddc,1132a66f06fb96caa95603c9e6832bf1341724100496214196bec4022b25eddc
17-05-2025,20-05-2025,22-12-2024,Deluxe Suite,Expedia Collect,0.0,cancelled,98c31f8ff441f9b017986176712ba29e4c917eaca509681570f6dd44b6521587,98c31f8ff441f9b017986176712ba29e4c917eaca509681570f6dd44b6521587
17-05-2025,19-05-2025,28-08-2024,Deluxe Suite,Expedia Collect,345.37,postStay,690fcfee77fe3cf1baea085bf511083c076687f0471ed24a764ceae1908a6c7b,690fcfee77fe3cf1baea085bf511083c076687f0471ed24a764ceae1908a6c7b
21-05-2025,23-05-2025,15-04-2025,Deluxe Suite,Expedia Collect,469.78,postStay,d54a41349c51bd94d6f074a5700f87d0c7dc786352f903524166baf131a28a74,d54a41349c51bd94d6f074a5700f87d0c7dc786352f903524166baf131a28a74
26-05-2025,29-05-2025,02-08-2024,Suite,Hotel Collect,750.0,postStay,d904498ce340032769eba661cd5e402aa71b7583cf3b1d36dd935c0ca976b53d,d904498ce340032769eba661cd5e402aa71b7583cf3b1d36dd935c0ca976b53d
27-05-2025,28-05-2025,30-12-2024,Double or Twin Room,Expedia Collect,138.04,postStay,de32052d3f4f7a3ccae259f5dd2109d7c425b2c1afabfc205679b3ab8fb998da,de32052d3f4f7a3ccae259f5dd2109d7c425b2c1afabfc205679b3ab8fb998da
29-05-2025,06-02-2025,21-01-2025,Double or Twin Room,Expedia Collect,601.6,postStay,29619f276c7f345346b3ae3cc41ffaf57d0e808f3794a77e71bef300d0de9b46,29619f276c7f345346b3ae3cc41ffaf57d0e808f3794a77e71bef300d0de9b46
06-01-2025,06-03-2025,30-03-2025,Suite,Expedia Collect,0.0,cancelled,c1b67c77461e6a3d37e461113e7cdcf4253fc678b7da07ae1796214d49c034df,c1b67c77461e6a3d37e461113e7cdcf4253fc678b7da07ae1796214d49c034df
06-03-2025,06-04-2025,11-11-2024,Suite,Expedia Collect,149.05,postStay,1ec5cf94ab997b6704d7cf408d130785a8a43b1f12d073bba0b82824a6dc0217,1ec5cf94ab997b6704d7cf408d130785a8a43b1f12d073bba0b82824a6dc0217
06-03-2025,06-04-2025,11-11-2024,Suite,Expedia Collect,149.05,postStay,c505b5d50fc2d81e180131693a5804d270c2f1a02a3c8de67be27a18be4e2fb8,c505b5d50fc2d81e180131693a5804d270c2f1a02a3c8de67be27a18be4e2fb8
06-03-2025,06-04-2025,11-11-2024,Suite,Expedia Collect,149.05,postStay,9239e975b815794f546756b6d67e527bb039a2ddce1acf2ff2734cfdbb6d9539,9239e975b815794f546756b6d67e527bb039a2ddce1acf2ff2734cfdbb6d9539
06-03-2025,06-04-2025,11-11-2024,Suite,Expedia Collect,149.05,postStay,bee54878a71c915ca3d8a9fcdeff033fed3ce03300a9c9b73fe814457787bb58,bee54878a71c915ca3d8a9fcdeff033fed3ce03300a9c9b73fe814457787bb58
06-04-2025,06-06-2025,21-09-2024,Suite,Expedia Collect,499.17,postStay,ef68ffefa5b5478dd386378c6b183d040af55e58b33338a15968f072e7471a50,ef68ffefa5b5478dd386378c6b183d040af55e58b33338a15968f072e7471a50
06-04-2025,06-06-2025,21-09-2024,Suite,Hotel Collect,492.28,postStay,9ce5b02ee5c2e1acf1be6b5e24c03882585c01f9737ca09557049da40004bd75,9ce5b02ee5c2e1acf1be6b5e24c03882585c01f9737ca09557049da40004bd75
06-04-2025,06-06-2025,21-09-2024,Suite,Expedia Collect,324.0,postStay,17aa76995dadbde574aeff1886e108ea499b2331dd4b2f610878c954fdc476c5,17aa76995dadbde574aeff1886e108ea499b2331dd4b2f610878c954fdc476c5
06-04-2025,06-06-2025,21-09-2024,Deluxe Suite,Expedia Collect,391.68,postStay,e64b5eeb98438a9351061957f7fc50967f2a7058407a95e8c29668e12a020bdc,e64b5eeb98438a9351061957f7fc50967f2a7058407a95e8c29668e12a020bdc
06-04-2025,06-06-2025,21-09-2024,Deluxe Suite,Expedia Collect,337.28,postStay,59db8a1e1497c889641b9fb668cbdec32f42fcb7869945df8d576f06f303eeb8,59db8a1e1497c889641b9fb668cbdec32f42fcb7869945df8d576f06f303eeb8
06-05-2025,06-06-2025,21-09-2024,Double or Twin Room (Small),Expedia Collect,0.0,cancelled,bdafa5507531e0e6551d674581aca042632dcb4b0ad8a6bfc351c204afd67705,bdafa5507531e0e6551d674581aca042632dcb4b0ad8a6bfc351c204afd67705
06-06-2025,06-07-2025,27-03-2025,Suite,Expedia Collect,198.56,postStay,2c2184b0fd3f44f47ede48b4d584bb5a31b34498b034fa68e5f1aa4904f464eb,2c2184b0fd3f44f47ede48b4d584bb5a31b34498b034fa68e5f1aa4904f464eb
06-06-2025,06-10-2025,22-08-2024,Double or Twin Room,Expedia Collect,549.48,postStay,b9fdbb7024c940c75f00ce34b5e201c88a441b6b70244c7a67d87cd423f665a1,b9fdbb7024c940c75f00ce34b5e201c88a441b6b70244c7a67d87cd423f665a1
06-07-2025,06-08-2025,05-05-2025,Double or Twin Room,Expedia Collect,141.44,postStay,b9d895bb49f4e3f32b98e9721d81f9ed6eef914e6ecce8b0d1092e1ef6ffc0d7,b9d895bb49f4e3f32b98e9721d81f9ed6eef914e6ecce8b0d1092e1ef6ffc0d7
06-07-2025,06-11-2025,12-09-2024,Suite,Expedia Collect,719.28,postStay,6f4833aed492c78a1e21c85d56c164ce13a769b4451b76e94bb7dd910636ef7c,6f4833aed492c78a1e21c85d56c164ce13a769b4451b76e94bb7dd910636ef7c
06-08-2025,06-11-2025,20-01-2025,Deluxe Suite,Expedia Collect,611.32,postStay,0b3648205f70eef39bfc1866c0b7a5d2f7fab90fda8c3ac9cee58a4c0420dd8f,0b3648205f70eef39bfc1866c0b7a5d2f7fab90fda8c3ac9cee58a4c0420dd8f
06-09-2025,06-10-2025,27-04-2025,Deluxe Suite,Expedia Collect,0.0,cancelled,e413d9e8131f8e34976ad66d325419759384a26662549917310eb8c8a1dd8432,e413d9e8131f8e34976ad66d325419759384a26662549917310eb8c8a1dd8432
06-10-2025,06-12-2025,27-03-2025,Suite,Expedia Collect,0.0,cancelled,c7d797fe2a32132fd703394464ccce5da76f9ffdf2f3432c9c50c24ac80da69f,c7d797fe2a32132fd703394464ccce5da76f9ffdf2f3432c9c50c24ac80da69f
06-10-2025,14-06-2025,20-03-2025,Suite,Expedia Collect,1011.52,postStay,17fff27191fe876ba2a6ad1f5a9df74bee4189b25c6bd2082aede94e6c003fe1,17fff27191fe876ba2a6ad1f5a9df74bee4189b25c6bd2082aede94e6c003fe1
06-12-2025,13-06-2025,05-12-2024,Deluxe Suite,Hotel Collect,0.0,cancelled,8209e8214fbbc8b795be2ff066c60a070a5cdc154cb4ee8064786c75033a10e8,8209e8214fbbc8b795be2ff066c60a070a5cdc154cb4ee8064786c75033a10e8
06-12-2025,13-06-2025,05-12-2024,Deluxe Suite,Hotel Collect,0.0,cancelled,d62073bec3f0465bfcaf8d493bea4593d536c0686cd1d0807f2f5e9b351146a3,d62073bec3f0465bfcaf8d493bea4593d536c0686cd1d0807f2f5e9b351146a3
13-06-2025,15-06-2025,27-03-2025,Suite,Expedia Collect,318.72,postStay,5c4711a8e12256249fc066f5b599d764572b9a6d77bc442ae6e9677ce9cf22a2,5c4711a8e12256249fc066f5b599d764572b9a6d77bc442ae6e9677ce9cf22a2
13-06-2025,15-06-2025,27-03-2025,Suite,Expedia Collect,0.0,cancelled,274c7366212a4be3726f260d4290158af276dce62b2cde3db86202625d558c49,274c7366212a4be3726f260d4290158af276dce62b2cde3db86202625d558c49
15-06-2025,17-06-2025,28-04-2025,Suite,Expedia Collect,398.4,postStay,8cc4726c64b5f16132ab4f6ac8cf4a4e9562e4ef6a924fb5bb5dea0019768476,8cc4726c64b5f16132ab4f6ac8cf4a4e9562e4ef6a924fb5bb5dea0019768476
15-06-2025,17-06-2025,27-01-2025,Suite,Expedia Collect,0.0,cancelled,bbb38451421ed8773a3d354b1a11c9d21a4649b3ad2674792b29c56bfb43e05f,bbb38451421ed8773a3d354b1a11c9d21a4649b3ad2674792b29c56bfb43e05f
16-06-2025,17-06-2025,09-05-2025,Deluxe Suite,Expedia Collect,193.12,postStay,a3b637d163ae754a228d676de379ce6e1e3e7a4d4ee078933ce7184b4240a44b,a3b637d163ae754a228d676de379ce6e1e3e7a4d4ee078933ce7184b4240a44b
16-06-2025,17-06-2025,22-01-2025,Deluxe Suite,Expedia Collect,0.0,cancelled,eda295c520f59430273d2c13ff7610390cc041badd6f5c2d68c907404415659f,eda295c520f59430273d2c13ff7610390cc041badd6f5c2d68c907404415659f
16-06-2025,18-06-2025,23-11-2024,Suite,Expedia Collect,312.78,postStay,60a08646606a7b8d71395d1a12577777e89c2003af1e131ce6f76d1631c31f59,60a08646606a7b8d71395d1a12577777e89c2003af1e131ce6f76d1631c31f59
17-06-2025,20-06-2025,15-06-2025,Deluxe Suite,Expedia Collect,658.8,postStay,6151fbcd68d8646663709915af470129748c77c3099a5fae68a7662940bc34f3,ca24e8616993f164a9ccd223f4bface754b9d75f51a6ad67c3812d27e26f5276
18-06-2025,19-06-2025,08-07-2024,Double or Twin Room,Expedia Collect,131.93,postStay,8e920d5ce997c3f9b69af266fdeb349d694fd4303554d8f88713526c03d6e278,8e920d5ce997c3f9b69af266fdeb349d694fd4303554d8f88713526c03d6e278
19-06-2025,21-06-2025,02-09-2024,Suite,Expedia Collect,291.6,postStay,05cd190e04f7119d980d79283d2e133249e3115824d5fa0e4588b4997b78c4e2,05cd190e04f7119d980d79283d2e133249e3115824d5fa0e4588b4997b78c4e2
19-06-2025,20-06-2025,11-05-2024,Double or Twin Room (Small),Expedia Collect,0.0,cancelled,2db3fc283f0af8c0b9e395d0cedc5a9f14f18b24c5bc037e1b59bcb6d5a7363f,2db3fc283f0af8c0b9e395d0cedc5a9f14f18b24c5bc037e1b59bcb6d5a7363f
20-06-2025,22-06-2025,13-05-2025,Deluxe Suite,Expedia Collect,386.24,postStay,56e7f43f819d71c5d085fcf16b5e9184399780c3bcbb00dbeb1cf52b537cbc2d,56e7f43f819d71c5d085fcf16b5e9184399780c3bcbb00dbeb1cf52b537cbc2d
20-06-2025,22-06-2025,11-01-2025,Suite,Expedia Collect,0.0,cancelled,d1256ea568847e6abcd5816b2cdf3f49b040c4b6e1486768707badfac743b783,d1256ea568847e6abcd5816b2cdf3f49b040c4b6e1486768707badfac743b783
21-06-2025,24-06-2025,26-09-2024,Suite,Expedia Collect,459.0,postStay,c8796602b4c90ef647f41528fcb8b1d07ed26bb6ca148fdf38cb40717563dff6,c8796602b4c90ef647f41528fcb8b1d07ed26bb6ca148fdf38cb40717563dff6
23-06-2025,24-06-2025,09-11-2024,Double or Twin Room,Expedia Collect,0.0,cancelled,e6973add4617b4831a1711987befdd9921e9af6b2fa041cf840425b607d9c640,e6973add4617b4831a1711987befdd9921e9af6b2fa041cf840425b607d9c640
24-06-2025,28-06-2025,29-10-2024,Suite,Expedia Collect,625.56,postStay,2dda01a2346d12000b2c4971295d1df68c21b0f84c8c8316a6f5d76be8c88d9f,2dda01a2346d12000b2c4971295d1df68c21b0f84c8c8316a6f5d76be8c88d9f
24-06-2025,28-06-2025,14-09-2024,Suite,Expedia Collect,0.0,cancelled,81ae1c154b59f489c662aa52acba56212c9f2f4cef17750aecd6ae55e2ebb0d9,81ae1c154b59f489c662aa52acba56212c9f2f4cef17750aecd6ae55e2ebb0d9
27-06-2025,30-06-2025,01-11-2024,Double or Twin Room,Expedia Collect,414.12,postStay,3ab528a4175044a88bf7a4567c96316dc66641db7f7a96a9d5c5a30a74a9559d,d2e2c74a3d914bab2ff570e970684a8f12c7dd9f23f67acf8acf8fb1411c0405
30-06-2025,07-01-2025,21-11-2024,Suite,Expedia Collect,0.0,cancelled,ffa22ccb53d5e67bcb41dbcf072ea9aecf1b96110e7699862980863265944d5e,ffa22ccb53d5e67bcb41dbcf072ea9aecf1b96110e7699862980863265944d5e
30-06-2025,07-02-2025,02-10-2024,Double or Twin Room (Small),Expedia Collect,0.0,cancelled,04f28e6966f2222c153550810321066e8db4acd160338db1610ad293e77a2da0,04f28e6966f2222c153550810321066e8db4acd160338db1610ad293e77a2da0
07-03-2025,07-04-2025,01-07-2025,Suite,Expedia Collect,233.24,postStay,41351a6cc3113d2321755374c63e32a98c551a984a1e94278ddafdfa48dcadde,8f6655e70fa1e903ddc7db6d590f0b585d4d089853e9d8855a95caff5358dd99
07-05-2025,14-07-2025,20-10-2024,Deluxe Suite,Expedia Collect,1603.8,postStay,53dccbb002b248e7eed00ac197941856757b6c88aa59b603754e25c1e744f17d,53dccbb002b248e7eed00ac197941856757b6c88aa59b603754e25c1e744f17d
07-06-2025,07-09-2025,29-09-2024,Double or Twin Room (Small),Expedia Collect,0.0,cancelled,f0707c059e719a1fa2439fdd6731e6fba43a474e17357bf6eda5819e87d1cc46,f0707c059e719a1fa2439fdd6731e6fba43a474e17357bf6eda5819e87d1cc46
07-08-2025,07-12-2025,09-12-2024,Deluxe Suite,Expedia Collect,668.32,postStay,d7748eeedc2c2ddb3a2bd71204d9356c4d768cee2163b63ae15ef5e735e0f4d6,d7748eeedc2c2ddb3a2bd71204d9356c4d768cee2163b63ae15ef5e735e0f4d6
07-08-2025,07-12-2025,09-12-2024,Deluxe Suite,Expedia Collect,668.32,postStay,34192aaa4107bb6a4b3b32a73bc9dbf750b86c5c329381dc0908cc455af0000b,34192aaa4107bb6a4b3b32a73bc9dbf750b86c5c329381dc0908cc455af0000b
13-07-2025,17-07-2025,14-10-2024,Deluxe Suite,Expedia Collect,714.24,postStay,d211df86e37100262b0de885547860eff92628a530b791bc7240d06ff1fefbb8,d211df86e37100262b0de885547860eff92628a530b791bc7240d06ff1fefbb8
14-07-2025,17-07-2025,10-06-2025,Double or Twin Room,Expedia Collect,483.84,postStay,f9728fb499ec6d92ed1e9724436ad490b2b4190afabb3d821e7db4590bd1e392,21e6c8c8e0b74cf55fb088fbb20a20c92bc33d2766d86b4e53205bcb5c3dea95
17-07-2025,19-07-2025,04-04-2025,Double or Twin Room (Small),Expedia Collect,259.84,postStay,856f84b5c276e84aa3b55844e7400e865cfec2fce00a9805a4a9ede404a5c89d,856f84b5c276e84aa3b55844e7400e865cfec2fce00a9805a4a9ede404a5c89d
17-07-2025,19-07-2025,02-04-2025,Suite,Expedia Collect,0.0,cancelled,ec018363c608db6bc2303e5e2ea5441f6abc441e96a77aa81ade865236c657cb,ec018363c608db6bc2303e5e2ea5441f6abc441e96a77aa81ade865236c657cb
18-07-2025,21-07-2025,17-06-2025,Double or Twin Room,Expedia Collect,483.84,postStay,9d99658ea088fcbd90cd3836a500cb5b48ccdbd0ca07649dad7b493b1ea222a2,a3bd6b28107f66122a0bb7cad67a387a971ebe1ff70dbf301b08306a2c311d71
19-07-2025,21-07-2025,12-06-2024,Deluxe Suite,Expedia Collect,0.0,cancelled,d0e7d7dddeb476f16e0182bbdf074cb6364970cac2a7bcdd3f6e32bd3936393e,d0e7d7dddeb476f16e0182bbdf074cb6364970cac2a7bcdd3f6e32bd3936393e
22-07-2025,31-07-2025,16-12-2024,Deluxe Suite,Expedia Collect,1487.81,postStay,4b4b9ad39c2fa89903c109ce75f7949b88175f9954967a11e4496ced4dfa6d76,4b4b9ad39c2fa89903c109ce75f7949b88175f9954967a11e4496ced4dfa6d76
22-07-2025,23-07-2025,03-11-2024,Suite,Expedia Collect,165.59,postStay,1cf9aabb26ae319540aea18247c9bb9969698af8a52e0a6df0ce271382bd2224,1cf9aabb26ae319540aea18247c9bb9969698af8a52e0a6df0ce271382bd2224
26-07-2025,29-07-2025,05-05-2025,Suite,Expedia Collect,0.0,cancelled,64a2d3ffa89e19b78e867b70595162af9e10b7166015cbaf82be47eb8504bb76,64a2d3ffa89e19b78e867b70595162af9e10b7166015cbaf82be47eb8504bb76
31-07-2025,08-02-2025,30-12-2024,Suite,Expedia Collect,0.0,cancelled,39279fce0ead1ff950460fe17e2e31b5fa456129fc1be171acb0f80773d767bb,39279fce0ead1ff950460fe17e2e31b5fa456129fc1be171acb0f80773d767bb
08-02-2025,08-05-2025,05-06-2025,Deluxe Suite,Expedia Collect,528.0,postStay,fb1e5b06d324894ff10d9371cfc179f30df51ac0b236dceb553f94aa24dd9357,e6f36ee2b8bbeea76ca5f7a7cfd7d10fedd3fc0d89a0c80aee5bd91d9239e40c
08-02-2025,08-05-2025,30-09-2024,Suite,Expedia Collect,437.4,postStay,91fcb56d3768859dbeaf095b02ad6bfe39effa36f704d0ed0e3c3e20156e5054,91fcb56d3768859dbeaf095b02ad6bfe39effa36f704d0ed0e3c3e20156e5054
08-04-2025,08-05-2025,20-05-2025,Double or Twin Room (Small),Expedia Collect,138.04,postStay,591c6904b24fda86c321a3c7cf05b79b0317b9ce62ce14ff4df93e84ebd17421,591c6904b24fda86c321a3c7cf05b79b0317b9ce62ce14ff4df93e84ebd17421
08-04-2025,08-07-2025,07-11-2024,Suite,Expedia Collect,447.15,postStay,00d428689e0d07d67de1921c65b592b9a231bad11429fd9bb3414068d0e88f65,00d428689e0d07d67de1921c65b592b9a231bad11429fd9bb3414068d0e88f65
08-04-2025,08-07-2025,07-11-2024,Suite,Expedia Collect,0.0,cancelled,303429432617d03bd3312af3085f6e4616c8e60a6290fa2c594855e6aef611ae,303429432617d03bd3312af3085f6e4616c8e60a6290fa2c594855e6aef611ae
08-05-2025,08-10-2025,29-09-2024,Double or Twin Room,Expedia Collect,0.0,cancelled,5b04d77da43eb17666105220927a74b52966ec479c883459e8110ccc27b22d56,5b04d77da43eb17666105220927a74b52966ec479c883459e8110ccc27b22d56
08-06-2025,08-07-2025,26-07-2025,Suite,Expedia Collect,0.0,cancelled,9f21c83351509bc2493d6d94267bced3ce310d4454317d947bdf06abaf0b3413,b8005739570864e46405289791dc3160b1bd7b28352a89ba60c02a6d27927dbd
08-06-2025,08-07-2025,26-07-2025,Double or Twin Room,Expedia Collect,0.0,cancelled,e4ecf2fda397b2fa67bdc89590605f85fc18148e478c878034b1b0a653901c32,af6e2824b617207e1b2aa1eb2c3a3f838636c98103b4c24d38666ce59f3b07a1
08-07-2025,08-10-2025,06-09-2024,Suite,Expedia Collect,459.0,postStay,ab78fbbc801344a69ecf1220223b380d4a047fc133a0c8b8cf42187e0f1c5a76,ab78fbbc801344a69ecf1220223b380d4a047fc133a0c8b8cf42187e0f1c5a76
08-12-2025,14-08-2025,30-11-2024,Deluxe Suite,Expedia Collect,349.52,postStay,d7f569aed409c7dc97d6ce7fd24592a0daa640988114b47ba604bc7a23d526dc,d7f569aed409c7dc97d6ce7fd24592a0daa640988114b47ba604bc7a23d526dc
13-08-2025,14-08-2025,11-01-2025,Double or Twin Room,Expedia Collect,0.0,cancelled,1b096e391d31b931e09831daacf719a46909f1e16f126c1ebf6f5ee074b5387b,1b096e391d31b931e09831daacf719a46909f1e16f126c1ebf6f5ee074b5387b
13-08-2025,14-08-2025,20-09-2024,Double or Twin Room (Small),Expedia Collect,0.0,cancelled,372a143099390048422dea1ccc2e480b8b51e00c5e4a347107366a70fbef3408,372a143099390048422dea1ccc2e480b8b51e00c5e4a347107366a70fbef3408
14-08-2025,15-08-2025,12-06-2025,Double or Twin Room,Expedia Collect,0.0,cancelled,149b834aabea0e6d33ff76ee0dcad33ee4d8248803d59822136a98d3ada8c689,248931d40721809ccd34f3e6b2ed9b828b65219baa532af0d5c4081d663661ed
24-08-2025,27-08-2025,08-06-2025,Deluxe Suite,Expedia Collect,0.0,cancelled,f4bf4262fd6243efe462a8133b83e2f25a30b02583cd049b0fc4dab9edcfb48f,f4da52f17ab5791aa1f6eebadec5074a01bafffa37ab5f13564cd32b7287fadc
29-08-2025,31-08-2025,13-04-2025,Double or Twin Room,Expedia Collect,0.0,cancelled,4b52339fea63389fea7b1208ebe17a5df72ded9d6d57aa628417b5772bd2c32b,4b52339fea63389fea7b1208ebe17a5df72ded9d6d57aa628417b5772bd2c32b
30-08-2025,09-03-2025,16-05-2025,Suite,Expedia Collect,775.68,postStay,af5af1cd41ace4d3eefd41705f96b84ed03c071640949597f2a5c99308ca03bc,af5af1cd41ace4d3eefd41705f96b84ed03c071640949597f2a5c99308ca03bc
31-08-2025,09-03-2025,18-01-2025,Deluxe Suite,Expedia Collect,695.73,postStay,260781a63a703c9ecce51ccde719dba08af767049cd600c490e0d42b44b1baf0,260781a63a703c9ecce51ccde719dba08af767049cd600c490e0d42b44b1baf0
09-02-2025,09-03-2025,29-08-2025,Suite,Expedia Collect,260.05,postStay,0535ec8e8243c368a52c348c1c2cf94696e5b0275f8177a635889bdc3e3c8e9e,ae2e79b066141e13def7f1ad1e311805f6ef87ef29fc42c98c6055562d7f1f95
09-02-2025,09-04-2025,06-04-2025,Double or Twin Room (Small),Expedia Collect,259.84,postStay,272d9d14dc9a5faa08ad7fdc1180e3aeacf5b8c89fda2ce18292573d9e8de12c,272d9d14dc9a5faa08ad7fdc1180e3aeacf5b8c89fda2ce18292573d9e8de12c
09-05-2025,09-06-2025,18-04-2025,Deluxe Suite,Expedia Collect,0.0,cancelled,618d9265ade3161c99d3ceae10a4b3d07e5952cd515e329dabe78c7bd9430ca3,618d9265ade3161c99d3ceae10a4b3d07e5952cd515e329dabe78c7bd9430ca3
09-06-2025,09-07-2025,04-05-2025,Deluxe Suite,Expedia Collect,0.0,cancelled,d791686a97d2b6efc665075b56eef8cec2b302db6b746d44757e201361a80bd8,d791686a97d2b6efc665075b56eef8cec2b302db6b746d44757e201361a80bd8
09-07-2025,09-10-2025,19-08-2025,Deluxe Suite,Expedia Collect,668.73,postStay,ab22cf3f74c7ec56b5af4ec49e25668296a20150c13a59e0c68eda8ddd44c731,c3cf83a1db271c05e8cf7ba103979f92cef3bc1d67d4ea8521576d4aa5a78848
09-07-2025,09-09-2025,16-06-2025,Deluxe Suite,Expedia Collect,336.6,postStay,a38917288d0c280cd99ef5000dbbd3beb9aaae7a38e7f51bba2726b82d0bd228,e8d522d38b2c8642bf15018f43aab61e45d9db5626fa9f820f863d0b8d6792bf
09-07-2025,09-08-2025,08-05-2025,Double or Twin Room (Small),Expedia Collect,0.0,cancelled,4a03a006aa9c091c02db454a8cd8e3502bd1c032e050d13cefbdd1e21885637c,4a03a006aa9c091c02db454a8cd8e3502bd1c032e050d13cefbdd1e21885637c
09-11-2025,14-09-2025,12-05-2024,Double or Twin Room (Small),Expedia Collect,399.6,postStay,1bf9f6ef2932b8ed9d0a1a5f20eb1d715a8caa432a0464e3a04dceb6c3bc1e4e,c09a2ab56b1cb816ab396d638d73d5531128598dcd66d4f8fea585e51504cae0
09-12-2025,16-09-2025,01-10-2024,Suite,Expedia Collect,792.8,postStay,94f0e2565e6de9464f68e78d2aa0501381e07a7666d73b2e0e4d77aa9efa7674,e22d88b68d5f420d79a4873163c850d8a29eb6b7bc932146e14499bb9aa44188
14-09-2025,16-09-2025,17-12-2024,Double or Twin Room,Expedia Collect,0.0,cancelled,c56ab46dd18048e11819fe97c90e9315893e438cd06befebeeb070d83ba016f3,c56ab46dd18048e11819fe97c90e9315893e438cd06befebeeb070d83ba016f3
14-09-2025,21-09-2025,25-10-2024,Suite,Expedia Collect,1084.81,postStay,d3f67cbdf07d1d764f90c349e954eca80aaac7920bf4fa2f5035e6fc1822d6ac,d3f67cbdf07d1d764f90c349e954eca80aaac7920bf4fa2f5035e6fc1822d6ac
15-09-2025,17-09-2025,22-04-2025,Suite,Expedia Collect,0.0,cancelled,f4f982a44cb3d5668df1d8f7deb1c7b6a3c6497617ae0d7d35f6e8cb69938024,f4f982a44cb3d5668df1d8f7deb1c7b6a3c6497617ae0d7d35f6e8cb69938024
18-09-2025,20-09-2025,13-05-2025,Double or Twin Room (Small),Expedia Collect,289.3,postStay,b3b61156ea116d2bc77603ed26e82f8d1c211f80f5a75ebcdd957ea6a85eed13,b3b61156ea116d2bc77603ed26e82f8d1c211f80f5a75ebcdd957ea6a85eed13
19-09-2025,22-09-2025,29-10-2024,Double or Twin Room,Expedia Collect,0.0,cancelled,eb64e4a743429638686ecb300caddd504dc6e4f45f7763e7fa5755ca6cf408ac,eb64e4a743429638686ecb300caddd504dc6e4f45f7763e7fa5755ca6cf408ac
19-09-2025,22-09-2025,07-08-2024,Deluxe Suite,Hotel Collect,0.0,cancelled,51d271f7419820666c8cbc42c755b86957805ee54e8346024927c3b1da581f8b,51d271f7419820666c8cbc42c755b86957805ee54e8346024927c3b1da581f8b
21-09-2025,23-09-2025,05-06-2025,Suite,Expedia Collect,0.0,cancelled,17669c4f3a7c3cfc77f67486b59e01dbfd86764d2cda0d9f4b330748091cf9a4,17669c4f3a7c3cfc77f67486b59e01dbfd86764d2cda0d9f4b330748091cf9a4
22-09-2025,23-09-2025,10-06-2025,Suite,Expedia Collect,199.24,postStay,97adda7b98449f8c8e4399610ed7621eeb28b0686857e46ac7ccd20384e76760,56619816340890fb2e0ffdb342a32502b922a5b3dcf64b9525752b0eec1af824
22-09-2025,23-09-2025,05-01-2025,Deluxe Suite,Expedia Collect,174.76,postStay,db23ec60782bc05cf0da20fbe66626fbe6d7fbf8d92b61b2d601866501643738,db23ec60782bc05cf0da20fbe66626fbe6d7fbf8d92b61b2d601866501643738
23-09-2025,27-09-2025,02-12-2024,Double or Twin Room,Hotel Collect,741.19,postStay,f316b83ca112842d20c92fa3ce0c015cd80443d5bee9060340f03a2e204611df,f316b83ca112842d20c92fa3ce0c015cd80443d5bee9060340f03a2e204611df
24-09-2025,27-09-2025,29-05-2025,Deluxe Suite,Expedia Collect,0.0,cancelled,538633ee888aab359ca21a1f971a3d36249070d8138c9a9a37a91618d11c4730,538633ee888aab359ca21a1f971a3d36249070d8138c9a9a37a91618d11c4730
25-09-2025,26-09-2025,05-08-2025,Suite,Expedia Collect,200.59,postStay,68f8c9a446e77fa208d49e73a5d9bb216e26aed80b120058ecca81d32d7543b0,2033b957f18bb6f7e088bc1e3fcd11c6acfe2fd519642b88d7e405d95f4bcadb
25-09-2025,27-09-2025,06-06-2025,Deluxe Suite,Expedia Collect,352.0,postStay,69271a3b6dc0e4f1a60195028e9577422e566f387b2c94779a38cdc90ba18e06,ab66d5eeed877bd1d340d34fb8bed20d5326c26745094ae8152e0ce660eb22b6
25-09-2025,28-09-2025,23-11-2024,Deluxe Suite,Expedia Collect,524.28,postStay,fb171f22f5ebe61a35993016ab11bd412ba8eb54e37aa8376aabf561400decd6,fb171f22f5ebe61a35993016ab11bd412ba8eb54e37aa8376aabf561400decd6
25-09-2025,26-09-2025,05-11-2024,Deluxe Suite,Expedia Collect,205.2,postStay,6c2fc9fbe2a2949cf48f443552b802eb5cc8500ca22759f991042424c441aa36,6c2fc9fbe2a2949cf48f443552b802eb5cc8500ca22759f991042424c441aa36
27-09-2025,29-09-2025,23-06-2025,Double or Twin Room,Expedia Collect,354.96,postStay,4003df72d9e8f2f9ac39865e5b88be743187523449450d0fcabd99252d3b1ffd,dacbb0605efc8c9ada22ba855df642b7566bea472b083da1a21db049e7fea72f
27-09-2025,28-09-2025,08-05-2025,Deluxe Suite,Expedia Collect,176.0,postStay,acfec076b0707a1d1b509615e8ad83cb98255f3cf997cd185881e7f4e18035be,acfec076b0707a1d1b509615e8ad83cb98255f3cf997cd185881e7f4e18035be
29-09-2025,10-01-2025,17-01-2025,Suite,Expedia Collect,327.75,postStay,c101b9b5b2e600b7f91dfbd0fefe1ad14c5593ea46236d9000dbac2b2e3ceffb,c101b9b5b2e600b7f91dfbd0fefe1ad14c5593ea46236d9000dbac2b2e3ceffb
10-01-2025,10-07-2025,03-10-2024,Suite,Expedia Collect,0.0,cancelled,8d4f52920b4cd8f0e68f505a62e8ed069c24594e35d455a80200a4d9d69e8d59,8d4f52920b4cd8f0e68f505a62e8ed069c24594e35d455a80200a4d9d69e8d59
10-01-2025,10-07-2025,27-09-2024,Double or Twin Room (Small),Expedia Collect,0.0,cancelled,b524fb42b9bcfbbaf5b325b2dc2b7532514c20fe708b57464ac6c409d65ceb3b,b524fb42b9bcfbbaf5b325b2dc2b7532514c20fe708b57464ac6c409d65ceb3b
10-01-2025,10-07-2025,24-09-2024,Deluxe Suite,Hotel Collect,0.0,cancelled,cb5be237dc8c0ad548578ae55cabb447a37da60b7262b49cd9d012de4aad14f3,cb5be237dc8c0ad548578ae55cabb447a37da60b7262b49cd9d012de4aad14f3
10-02-2025,10-04-2025,15-07-2025,Deluxe Suite,Expedia Collect,535.16,postStay,7fcb3797eacec4ae0597fe9b8625c1df3306ac901d81d5415233f40f2417fab6,aac0f6f0d28459cf13133527d64193bd88c3d10c9ea991f4f10d33396d01ae6d
10-02-2025,10-04-2025,07-11-2024,Double or Twin Room,Expedia Collect,263.1,postStay,d1257f349b1e328c9c0d2cb99384c588c7ec6569fe4d4b6bf952d24c245c3198,d1257f349b1e328c9c0d2cb99384c588c7ec6569fe4d4b6bf952d24c245c3198
10-04-2025,10-06-2025,08-12-2024,Suite,Hotel Collect,499.82,postStay,38fd8cf553984fce2480e13c0e4b08537a62294e5928084a197cacfd16c2c86f,38fd8cf553984fce2480e13c0e4b08537a62294e5928084a197cacfd16c2c86f
10-07-2025,10-11-2025,10-04-2025,Suite,Expedia Collect,645.4,postStay,3bbc526a86a9580c14ebe9cb9be495f8af7af0a1eb84ca079a16bb6a6ec27f24,3bbc526a86a9580c14ebe9cb9be495f8af7af0a1eb84ca079a16bb6a6ec27f24
10-09-2025,10-11-2025,31-03-2025,Double or Twin Room (Small),Expedia Collect,0.0,cancelled,7a037cc8dea8139d974cac06ad87591d50fca625b5396e318ee3c629329067cb,7a037cc8dea8139d974cac06ad87591d50fca625b5396e318ee3c629329067cb
10-10-2025,10-11-2025,30-07-2025,Suite,Expedia Collect,200.59,postStay,3bf8a9b100854d452a2cae8d0f6747bc42e6a45ac9f72e5188d1afb0d19ce2f2,8edf252e6e9656ff767c4797653789a9b02065869a763f3ef804e13a98fbb901
18-10-2025,19-10-2025,18-05-2025,Deluxe Suite,Expedia Collect,176.0,postStay,91e75e1985e27dd485bf2c36f0a26dfc962dfb52f503c6abae23f297c3faa7db,91e75e1985e27dd485bf2c36f0a26dfc962dfb52f503c6abae23f297c3faa7db
18-10-2025,19-10-2025,03-04-2025,Double or Twin Room,Expedia Collect,136.96,postStay,9d742356eb8c3048d5a0251a4aa9cec65aac8d9c31eaaf90def44235340ccee9,9d742356eb8c3048d5a0251a4aa9cec65aac8d9c31eaaf90def44235340ccee9
19-10-2025,21-10-2025,06-08-2024,Double or Twin Room,Expedia Collect,0.0,cancelled,560c65e2ae0441b73377a1180b96b54b4bc13aecee241d330e688881ed401dc0,560c65e2ae0441b73377a1180b96b54b4bc13aecee241d330e688881ed401dc0
20-10-2025,22-10-2025,20-04-2025,Double or Twin Room,Expedia Collect,375.02,postStay,5b129046b0b0916f12fc2e2cf9ea18ed95e7de0a7318185dc87749ee269c2723,5b129046b0b0916f12fc2e2cf9ea18ed95e7de0a7318185dc87749ee269c2723
20-10-2025,24-10-2025,13-04-2025,Suite,Expedia Collect,0.0,cancelled,7857132e8bac0af92de591c5e6463fa5694e7d78d7899e798cbe2dc38bfea2d6,7857132e8bac0af92de591c5e6463fa5694e7d78d7899e798cbe2dc38bfea2d6
26-10-2025,29-10-2025,30-03-2025,Deluxe Suite,Expedia Collect,561.0,postStay,89143fc27aad7022d1425df38e7f8179e31d4e04aa6c249c35367b065ff3569a,89143fc27aad7022d1425df38e7f8179e31d4e04aa6c249c35367b065ff3569a
29-10-2025,11-02-2025,15-07-2025,Suite,Expedia Collect,802.36,postStay,a5821e9df1441e76c73020acb8a4fa89f81eb8c6589d3bd533e4dbeaae3c0a82,db1a6e257c325d4398dbc5f5651d9d23130961c5ae21760783f3fcf404107f6c
30-10-2025,11-02-2025,02-12-2024,Double or Twin Room,Expedia Collect,0.0,cancelled,a293b53ccf6c490dd41d0d901e29cef8c3de4fc760a19529f9d9f4a57c30602d,a293b53ccf6c490dd41d0d901e29cef8c3de4fc760a19529f9d9f4a57c30602d
31-10-2025,11-03-2025,02-11-2024,Deluxe Suite,Hotel Collect,651.97,postStay,a9ec02c64610753f7bc0ce2438563cb96d017727c994d70fb95f689ed1de5b70,a9ec02c64610753f7bc0ce2438563cb96d017727c994d70fb95f689ed1de5b70
11-01-2025,11-03-2025,31-07-2025,Double or Twin Room (Small),Expedia Collect,0.0,cancelled,1c17424f7b8242aa345fdbc16558377add951b13c3cf3ee3982b1c60215507f2,7d99afbb795fb9ef4a82d4820c5d891c61d61261376269dbb02003628832b952
11-05-2025,11-06-2025,19-05-2025,Suite,Expedia Collect,0.0,cancelled,d6568215efc702ad85af7344f147c22c519e6e94272d15c2e057b9820abe1dc6,d6568215efc702ad85af7344f147c22c519e6e94272d15c2e057b9820abe1dc6
11-08-2025,11-12-2025,31-07-2025,Deluxe Suite,Expedia Collect,989.71,postStay,86ce2901c3af23eef426d75261b6c639f0d3f6ac80890b3245c336401ddbaaf8,24fa8e37814814fa41739fe300fe952f99a7263236db17753785948d875115c6
11-11-2025,13-11-2025,01-04-2025,Suite,Expedia Collect,0.0,cancelled,3386a5ecbc083442aa9896c13592d9dbb90955589f7077d11632dfdd76065604,3386a5ecbc083442aa9896c13592d9dbb90955589f7077d11632dfdd76065604
21-11-2025,22-11-2025,17-08-2025,Double or Twin Room (Small),Expedia Collect,247.52,postStay,d328f358dae23b7a0a7cb7c1edb454fb749d04a50d252d4856291965b4a707b5,3dc748a6e35704617c50a0fbd1ff5ae9f0c723f3e47c66f8da31563401310777
21-11-2025,23-11-2025,25-01-2025,Suite,Expedia Collect,244.8,postStay,477933815c01d6810889ec0f5fa5362a25e82a03206ffff31ef5f463ffc6cb64,477933815c01d6810889ec0f5fa5362a25e82a03206ffff31ef5f463ffc6cb64
25-11-2025,28-11-2025,31-08-2025,Suite,Expedia Collect,573.48,postStay,9f825f254c7e0cd1ee97e2579b80eb7b29cdd4aabce7f60641b08a637b630a0b,560a89b94e25f738aafa6b648ba67a53c254eb7a4a68315f2a4e43119a0261e9
29-11-2025,12-01-2025,03-09-2025,Deluxe Suite,Expedia Collect,511.2,postStay,63bfce8ebbabae1fb1bbdd3a0a4fdf88013fcf6f8422b34baf3cf821aa881b8d,2f3cb004f37c55aae9b70d6c40d523ef36684e938eade7e4d0a98cb7740ab2e0
16-12-2025,19-12-2025,30-05-2025,Double or Twin Room,Expedia Collect,343.65,inHouse,e8cb676d58e5d5678642d4151b8c0c435abb1e12f2a898114ee67bd602ed0897,e8cb676d58e5d5678642d4151b8c0c435abb1e12f2a898114ee67bd602ed0897
